id,first_name,last_name,email,gender,ip_address
1,Miller,Feveryear,mfeveryear0@usa.gov,Male,15.230.6.74
2,Opal,Tiler,otiler1@cloudflare.com,Female,49.101.204.119
3,Mufi,Swinburn,mswinburn2@360.cn,Female,77.190.107.160
4,Yankee,Fairman,yfairman3@examiner.com,Male,228.77.244.236
5,Drona,Cinelli,dcinelli4@google.ru,Female,3.254.187.230
6,Matilda,Alchin,malchin5@disqus.com,Female,3.110.230.196
7,Devinne,Arent,darent6@newyorker.com,Female,2.32.22.123
8,Addie,Britee,abritee7@gmpg.org,Male,205.182.25.123
9,Lavinie,Wolfart,lwolfart8@hibu.com,Female,11.226.185.238
10,Ree,Joire,rjoire9@sourceforge.net,Female,26.31.198.177
11,Clemente,Petranek,cpetraneka@g.co,Male,13.103.140.91
12,Robin,Kedie,rkedieb@yale.edu,Female,84.219.161.190
13,Sherwynd,Matthensen,smatthensenc@apache.org,Male,184.178.190.33
14,Ezequiel,Skim,eskimd@amazonaws.com,Male,172.205.121.95
15,Ailyn,Gagan,agagane@hexun.com,Female,184.217.69.112
16,Willard,Lowers,wlowersf@paypal.com,Male,13.3.138.56
17,Phillida,Goodie,pgoodieg@acquirethisname.com,Female,72.168.146.93
18,Arte,Petrelli,apetrellih@ucoz.com,Male,130.80.36.73
19,Buddy,Mingaye,bmingayei@earthlink.net,Male,207.218.246.214
20,Dawn,Marzello,dmarzelloj@wordpress.org,Agender,250.246.71.221
21,Sidnee,Pinwill,spinwillk@yandex.ru,Male,123.253.158.139
22,Kalinda,Skypp,kskyppl@posterous.com,Genderqueer,255.30.156.208
23,Tory,Wilson,twilsonm@irs.gov,Genderqueer,48.48.105.203
24,Glennie,Bedberry,gbedberryn@list-manage.com,Female,195.197.58.236
25,Davon,Forrester,dforrestero@globo.com,Male,242.166.251.72
26,Rosemaria,Cavy,rcavyp@nps.gov,Female,59.154.62.86
27,Anestassia,Roebuck,aroebuckq@theguardian.com,Female,31.198.191.86
28,Morissa,Grzegorecki,mgrzegoreckir@wikipedia.org,Female,238.47.187.7
29,Gray,Flanigan,gflanigans@diigo.com,Male,238.153.98.215
30,Yuma,Vannet,yvannett@homestead.com,Male,129.107.176.186
31,Kennith,Caret,kcaretu@pcworld.com,Male,138.203.225.25
32,Lamont,Begg,lbeggv@gmpg.org,Male,105.205.20.118
33,Thorvald,Hookes,thookesw@latimes.com,Male,124.156.95.13
34,Yvor,Rawsen,yrawsenx@1und1.de,Male,118.231.170.216
35,Ethelin,Boother,eboothery@chron.com,Female,241.98.226.88
36,Rog,Ryce,rrycez@creativecommons.org,Male,63.87.154.10
37,Penn,Gioani,pgioani10@ca.gov,Non-binary,56.116.105.82
38,Yoko,Cleghorn,ycleghorn11@sciencedirect.com,Female,233.109.141.74
39,Gaston,Wollrauch,gwollrauch12@mail.ru,Male,13.6.185.95
40,Rice,Mc Elory,rmcelory13@sitemeter.com,Male,62.117.47.219
41,Myron,Legges,mlegges14@list-manage.com,Male,255.158.210.39
42,Rebekah,Lafrentz,rlafrentz15@mit.edu,Female,2.41.190.182
43,Dorey,Loughran,dloughran16@hibu.com,Female,35.106.57.2
44,Lettie,Stronge,lstronge17@disqus.com,Female,15.167.160.214
45,Geralda,Starcks,gstarcks18@chicagotribune.com,Polygender,197.59.124.74
46,Robinet,Silkstone,rsilkstone19@google.com,Female,127.166.27.137
47,Giorgio,Andrew,gandrew1a@un.org,Male,147.48.94.195
48,Calhoun,Curtis,ccurtis1b@ning.com,Male,253.1.109.164
49,Hansiain,Gibbens,hgibbens1c@ebay.co.uk,Male,10.18.106.77
50,Clareta,Aronin,caronin1d@go.com,Agender,222.111.171.211
51,Blanch,Leathwood,bleathwood1e@unblog.fr,Bigender,107.226.151.247
52,Batsheva,Thomton,bthomton1f@cbc.ca,Polygender,1.252.167.208
53,Meredeth,Jenks,mjenks1g@whitehouse.gov,Male,52.188.55.4
54,Erich,Nutten,enutten1h@hostgator.com,Male,104.161.249.166
55,Marcia,Ramsey,mramsey1i@hatena.ne.jp,Female,170.209.35.200
56,Saba,Fluin,sfluin1j@amazonaws.com,Female,166.228.223.95
57,Madelaine,Fearney,mfearney1k@netvibes.com,Female,139.142.84.210
58,Hurleigh,McKague,hmckague1l@si.edu,Male,16.92.239.121
59,Alan,Pearmain,apearmain1m@prweb.com,Male,8.239.133.112
60,Jacquelynn,Tutton,jtutton1n@typepad.com,Female,108.82.149.184
61,Zilvia,McRamsey,zmcramsey1o@newyorker.com,Genderqueer,113.32.114.30
62,Risa,Cadogan,rcadogan1p@themeforest.net,Female,124.89.173.39
63,Adela,Hollingby,ahollingby1q@github.io,Genderqueer,109.13.61.199
64,Chip,Marklew,cmarklew1r@blogspot.com,Male,106.114.189.205
65,Gabie,Altree,galtree1s@apple.com,Agender,81.242.1.38
66,Mona,Borgnet,mborgnet1t@usatoday.com,Bigender,30.118.149.178
67,Missy,Heakins,mheakins1u@slideshare.net,Female,119.96.215.25
68,Harli,Guwer,hguwer1v@mediafire.com,Female,36.198.119.228
69,Cly,Bangle,cbangle1w@mac.com,Male,117.250.28.26
70,Elinore,Twidale,etwidale1x@rakuten.co.jp,Female,187.108.13.101
71,Allianora,Deek,adeek1y@reference.com,Female,103.81.234.54
72,Daffy,Zappel,dzappel1z@chicagotribune.com,Female,48.103.2.69
73,Dermot,Clemenson,dclemenson20@msn.com,Male,148.149.172.56
74,Rudy,Shurmore,rshurmore21@mlb.com,Male,153.50.94.37
75,Wash,Joinsey,wjoinsey22@unicef.org,Male,234.236.157.87
76,Elston,Dickin,edickin23@hubpages.com,Male,73.12.232.34
77,Elwood,Gabbitas,egabbitas24@goo.gl,Male,171.119.46.196
78,Marena,Blaise,mblaise25@yale.edu,Female,174.87.182.123
79,Morganica,McClymont,mmcclymont26@skyrock.com,Female,193.217.173.61
80,Rochester,Hatchell,rhatchell27@google.pl,Male,187.183.234.202
81,Hunfredo,Windress,hwindress28@cpanel.net,Male,222.116.129.172
82,Davidson,Macek,dmacek29@typepad.com,Male,248.131.167.198
83,Andromache,Zannetti,azannetti2a@pinterest.com,Female,6.46.254.186
84,Claudine,Dobbie,cdobbie2b@freewebs.com,Female,212.214.214.240
85,Emilie,Larvin,elarvin2c@hhs.gov,Female,189.254.97.138
86,Clarita,Carne,ccarne2d@fotki.com,Female,22.129.37.248
87,Codi,Spencers,cspencers2e@github.com,Male,179.2.93.208
88,Elfreda,Lyon,elyon2f@google.cn,Female,252.49.17.163
89,Denni,Fawdry,dfawdry2g@gmpg.org,Female,195.239.26.98
90,Jaquith,McLaughlin,jmclaughlin2h@shutterfly.com,Female,103.83.47.223
91,Krispin,Gouch,kgouch2i@discovery.com,Male,195.66.171.196
92,Hort,Arnatt,harnatt2j@bloomberg.com,Male,166.19.137.208
93,Wileen,de Copeman,wdecopeman2k@ycombinator.com,Female,184.125.79.50
94,Kendra,Eisikowitch,keisikowitch2l@google.co.uk,Female,253.145.123.115
95,Norry,Frapwell,nfrapwell2m@mashable.com,Male,187.0.132.67
96,Madeline,Matyatin,mmatyatin2n@slashdot.org,Polygender,23.178.230.174
97,Marshall,Courtenay,mcourtenay2o@reference.com,Male,94.55.162.118
98,Glyn,Prinne,gprinne2p@macromedia.com,Bigender,207.34.114.103
99,Stinky,Bowller,sbowller2q@t-online.de,Male,178.14.251.2
100,Daveta,Askie,daskie2r@issuu.com,Female,160.214.79.146
